user_input,retrieved_contexts,response,reference,context_precision,context_recall
What was Apple's R&D spending in fiscal year 2025?,"['results of the model, the Company estimates, with 95% confidence, a maximum one-day loss in fair value of $590 million and $538\nmillion as of September 27, 2025 and September 28, 2024, respectively. Changes in the Company’s underlying foreign currency\nexposures, which were excluded from the assessment, generally offset changes in the fair values of the Company’s foreign currency\nderivatives.\nApple Inc. | 2025 Form 10-K | 27\n7/31/26, 2:43 PM aapl-20250927\nhttps://www.sec.gov/Archives/edgar/data/320193/000032019325000079/aapl-20250927.htm 39/78', 'in the future materially impact, the Company’s results of operations and financial condition.\nApple Inc. | 2025 Form 10-K | 21\n7/31/26, 2:43 PM aapl-20250927\nhttps://www.sec.gov/Archives/edgar/data/320193/000032019325000079/aapl-20250927.htm 30/78', 'Statements of Operations for 2025, 2024 and 2023 (in millions):\n2025 2024 2023\nShare-based compensation expense $ 12,863 $ 11,688 $ 10,833 \nIncome tax benefit related to share-based compensation expense$ (3,602) $ (3,350) $ (3,421)\nAs of September 27, 2025, the total unrecognized compensation cost related to outstanding RSUs was $21.8 billion, which the\nCompany expects to recognize over a weighted-average period of 2.5 years.\nApple Inc. | 2025 Form 10-K | 45\n7/31/26, 2:43 PM aapl-20250927\nhttps://www.sec.gov/Archives/edgar/data/320193/000032019325000079/aapl-20250927.htm 61/78', 'Report on Form 10-K for the fiscal year ended September 28, 2024.\nProduct, Service and Software Announcements\nThe Company announces new product, service and software offerings at various times during the year. Significant announcements\nduring fiscal year 2025 included the following:\nFirst Quarter 2025:\n• MacBook Pro\n• Mac mini\n• iMac\n• iPad mini\nSecond Quarter 2025:\n• iPhone 16e\n• iPad Air\n• iPad\n• MacBook Air\n• Mac Studio\nThird Quarter 2025:\n• iOS 26, macOS Tahoe 26, iPadOS 26, watchOS 26, visionOS 26 and tvOS 26\nFourth Quarter 2025:\n• iPhone 17, iPhone Air, iPhone 17 Pro and iPhone 17 Pro Max\n• Apple Watch Series 11, Apple Watch SE 3 and Apple Watch Ultra 3\n• AirPods Pro 3\nFiscal Period', '2025 2024 2023\nFederal:\nCurrent $ 11,487 $ 5,571 $ 9,445 \nDeferred (1,804) (3,080) (3,644)\nTotal 9,683 2,491 5,801 \nState:\nCurrent 1,680 1,726 1,570 \nDeferred (139) (298) (49)\nTotal 1,541 1,428 1,521 \nForeign:\nCurrent 8,891 25,483 8,750 \nDeferred 604 347 669 \nTotal 9,495 25,830 9,419 \nProvision for income taxes $ 20,719 $ 29,749 $ 16,741 \nForeign pretax earnings were $82.0 billion, $77.3 billion and $72.9 billion in 2025, 2024 and 2023, respectively.\nApple Inc. | 2025 Form 10-K | 40\n7/31/26, 2:43 PM aapl-20250927\nhttps://www.sec.gov/Archives/edgar/data/320193/000032019325000079/aapl-20250927.htm 55/78', '• Apple Watch Series 11, Apple Watch SE 3 and Apple Watch Ultra 3\n• AirPods Pro 3\nFiscal Period\nThe Company’s fiscal year is the 52- or 53-week period that ends on the last Saturday of September. An additional week is included in\nthe first fiscal quarter every five or six years to realign the Company’s fiscal quarters with calendar quarters, which occurred in the first\nquarter of 2023. The Company’s fiscal years 2025 and 2024 spanned 52 weeks each, whereas fiscal year 2023 spanned 53 weeks.\nMacroeconomic Conditions\nMacroeconomic conditions, including inflation, interest rates and currency fluctuations, have directly and indirectly impacted, and could\nin the future materially impact, the Company’s results of operations and financial condition.\nApple Inc. | 2025 Form 10-K | 21', 'fourth quarter of 2025, the Company utilized the final $19.8 billion under the May 2024 program. On May 1, 2025, the Company\nannounced an additional program to repurchase up to $100 billion of the Company’s common stock. As of September 27, 2025, $221\nmillion of the May 2025 program had been utilized. The programs do not obligate the Company to acquire a minimum amount of\nshares. Under the programs, shares may be repurchased in privately negotiated or open market transactions, including under plans\ncomplying with Rule 10b5-1 under the Exchange Act.\n(1)\nApple Inc. | 2025 Form 10-K | 19\n7/31/26, 2:43 PM aapl-20250927\nhttps://www.sec.gov/Archives/edgar/data/320193/000032019325000079/aapl-20250927.htm 28/78', 'See accompanying Notes to Consolidated Financial Statements.\nApple Inc. | 2025 Form 10-K | 32\n7/31/26, 2:43 PM aapl-20250927\nhttps://www.sec.gov/Archives/edgar/data/320193/000032019325000079/aapl-20250927.htm 45/78']","Apple’s research and development expense for fiscal year 2025 was **$34,550 million**.","$34,550 million (34.55 billion)",,0.0
How did Apple's R&D spending change from 2023 to 2025?,"['results of the model, the Company estimates, with 95% confidence, a maximum one-day loss in fair value of $590 million and $538\nmillion as of September 27, 2025 and September 28, 2024, respectively. Changes in the Company’s underlying foreign currency\nexposures, which were excluded from the assessment, generally offset changes in the fair values of the Company’s foreign currency\nderivatives.\nApple Inc. | 2025 Form 10-K | 27\n7/31/26, 2:43 PM aapl-20250927\nhttps://www.sec.gov/Archives/edgar/data/320193/000032019325000079/aapl-20250927.htm 39/78', 'in the future materially impact, the Company’s results of operations and financial condition.\nApple Inc. | 2025 Form 10-K | 21\n7/31/26, 2:43 PM aapl-20250927\nhttps://www.sec.gov/Archives/edgar/data/320193/000032019325000079/aapl-20250927.htm 30/78', 'Mac\nMac net sales increased during 2025 compared to 2024 primarily due to higher net sales of laptops and desktops.\niPad\niPad net sales increased during 2025 compared to 2024 primarily due to higher net sales of iPad Air, iPad mini and iPad, partially offset\nby lower net sales of iPad Pro.\nWearables, Home and Accessories\nWearables, Home and Accessories net sales decreased during 2025 compared to 2024 primarily due to lower net sales of Accessories\nand Wearables.\nServices\nServices net sales increased during 2025 compared to 2024 primarily due to higher net sales from advertising, the App Store and cloud\nservices.\n(1)\nApple Inc. | 2025 Form 10-K | 23\n7/31/26, 2:43 PM aapl-20250927\nhttps://www.sec.gov/Archives/edgar/data/320193/000032019325000079/aapl-20250927.htm 32/78', 'fourth quarter of 2025, the Company utilized the final $19.8 billion under the May 2024 program. On May 1, 2025, the Company\nannounced an additional program to repurchase up to $100 billion of the Company’s common stock. As of September 27, 2025, $221\nmillion of the May 2025 program had been utilized. The programs do not obligate the Company to acquire a minimum amount of\nshares. Under the programs, shares may be repurchased in privately negotiated or open market transactions, including under plans\ncomplying with Rule 10b5-1 under the Exchange Act.\n(1)\nApple Inc. | 2025 Form 10-K | 19\n7/31/26, 2:43 PM aapl-20250927\nhttps://www.sec.gov/Archives/edgar/data/320193/000032019325000079/aapl-20250927.htm 28/78', 'between regions; and disruptions in the Company’s operations, supply chain and sales and distribution channels, resulting in\ninterruptions to the supply of current products and offering of existing services, and delays in production ramps of new products and\ndevelopment of new services.\nApple Inc. | 2025 Form 10-K | 6\n7/31/26, 2:43 PM aapl-20250927\nhttps://www.sec.gov/Archives/edgar/data/320193/000032019325000079/aapl-20250927.htm 10/78', 'There were no changes in the Company’s internal control over financial reporting during the fourth quarter of 2025, which were identified\nin connection with management’s evaluation required by paragraph (d) of Rules 13a-15 and 15d-15 under the Exchange Act, that have\nmaterially affected, or are reasonably likely to materially affect, the Company’s internal control over financial reporting.\nApple Inc. | 2025 Form 10-K | 52\n7/31/26, 2:43 PM aapl-20250927\nhttps://www.sec.gov/Archives/edgar/data/320193/000032019325000079/aapl-20250927.htm 69/78', 'Operating Expenses\nOperating expenses for 2025, 2024 and 2023 were as follows (dollars in millions):\n2025 Change 2024 Change 2023\nResearch and development $ 34,550 10 % $ 31,370 5 % $ 29,915 \nPercentage of total net sales 8% 8% 8%\nSelling, general and administrative $ 27,601 6 % $ 26,097 5 % $ 24,932 \nPercentage of total net sales 7% 7% 7%\nTotal operating expenses $ 62,151 8 % $ 57,467 5 % $ 54,847 \nPercentage of total net sales 15% 15% 14%\nResearch and Development\nThe growth in R&D expense during 2025 compared to 2024 was primarily driven by increases in headcount-related expenses and\ninfrastructure-related costs.\nSelling, General and Administrative\nThe growth in selling, general and administrative expense during 2025 compared to 2024 was primarily driven by increases in', 'Report on Form 10-K for the fiscal year ended September 28, 2024.\nProduct, Service and Software Announcements\nThe Company announces new product, service and software offerings at various times during the year. Significant announcements\nduring fiscal year 2025 included the following:\nFirst Quarter 2025:\n• MacBook Pro\n• Mac mini\n• iMac\n• iPad mini\nSecond Quarter 2025:\n• iPhone 16e\n• iPad Air\n• iPad\n• MacBook Air\n• Mac Studio\nThird Quarter 2025:\n• iOS 26, macOS Tahoe 26, iPadOS 26, watchOS 26, visionOS 26 and tvOS 26\nFourth Quarter 2025:\n• iPhone 17, iPhone Air, iPhone 17 Pro and iPhone 17 Pro Max\n• Apple Watch Series 11, Apple Watch SE 3 and Apple Watch Ultra 3\n• AirPods Pro 3\nFiscal Period']","Apple’s research and development expense grew from $29.915 billion in 2023 to $34.550 billion in 2025. This represents an increase of approximately $4.635 billion, or about 15 percent over the two‑year period.","Increased from $29,915 million (2023) to $34,550 million (2025), a rise of ~$4,635 million (~15.5%), driven by headcount and infrastructure costs",,1.0
What are Amazon's main risk factors?,"['Table of Contents\nAMAZON.COM, INC.\nPART I\nItem 1. Business\nThis Annual Report on Form 10-K and the documents incorporated herein by reference contain forward-looking statements\nbased on expectations, estimates, and projections as of the date of this filing. Actual results and outcomes may differ materially from\nthose expressed in forward-looking statements. See Item 1A of Part I — “Risk Factors.” As used herein, “Amazon.com,” “we,” “our,”\nand similar terms include Amazon.com, Inc. and its subsidiaries, unless the context indicates otherwise.\nGeneral\nWe seek to be Earth’s most customer-centric company. We are guided by four principles: customer obsession rather than', 'We strive to be Earth’s best employer. We rely on numerous and evolving initiatives to implement this objective and invent\nmechanisms for talent development, including competitive pay and benefits, flexible work arrangements, and skills training and\neducational programs such as Amazon Career Choice (education funding for eligible employees). Over 300,000 Amazon employees\naround the world have participated in Career Choice. We also continue to inspect and refine the mechanisms we use to hire, develop,\nevaluate, and retain our employees. In addition, safety is integral to everything we do at Amazon and we continue to invest in safety\nimprovements such as capital improvements, new safety technology, vehicle safety controls, and engineering ergonomic solutions. Our', 'Item 1A.    Risk Factors\nThe following summarizes factors that could have a material adverse effect on the Company’s business, reputation, results of\noperations, financial condition and stock price. The Company may not be able to accurately predict, control or mitigate these risks.\nStatements in this section are based on the Company’s beliefs and opinions regarding matters that could materially adversely affect the\nCompany in the future and are not representations as to whether such matters have or have not occurred previously. The risks and\nuncertainties described below are not exhaustive and should not be considered a complete statement of all potential risks or\nuncertainties that the Company faces or may face in the future.', 'www.amazon.in marketplace. Although we believe these structures and activities comply with existing laws, they involve unique risks,\nand the PRC and India may from time to time consider and implement additional changes in their regulatory, licensing, or other\nrequirements that could impact these structures and activities. There are substantial uncertainties regarding the interpretation of PRC\nand Indian laws and regulations, and it is possible that these governments will ultimately take a view contrary to ours. In addition, our\nChinese and Indian businesses and operations may be unable to continue to operate if we or our affiliates are unable to access sufficient', 'Table of Contents\nAMAZON.COM, INC.\nFORM 10-K\nFor the Fiscal Year Ended December 31, 2025\nINDEX\n \n  Page\nPART I\nItem 1. Business 3\nItem 1A. Risk Factors 6\nItem 1B. Unresolved Staff Comments 17\nItem 1C. Cybersecurity 17\nItem 2. Properties 18\nItem 3. Legal Proceedings 18\nItem 4. Mine Safety Disclosures 18\nPART II\nItem 5. Market for the Registrant’s Common Stock, Related Shareholder Matters, and Issuer Purchases of Equity\nSecurities\n19\nItem 6. Reserved 19\nItem 7. Management’s Discussion and Analysis of Financial Condition and Results of Operations 20\nItem 7A. Quantitative and Qualitative Disclosures About Market Risk 31\nItem 8. Financial Statements and Supplementary Data 33\nItem 9. Changes in and Disagreements with Accountants on Accounting and Financial Disclosure 72', 'Business and Industry Risks\nWe Face Intense Competition\nOur businesses are rapidly evolving and intensely competitive, and we have many competitors across geographies, including\ncross-border competition, and in different industries, including physical, e-commerce, and omnichannel retail, e-commerce services,\nweb and infrastructure computing services, electronic devices, digital content, advertising, grocery, healthcare, communications, and\ntransportation and logistics services. Some of our current and potential competitors have greater resources, longer histories, more\ncustomers, and/or greater brand recognition, particularly with our newly-launched products and services and in our newer geographic', 'General\nWe seek to be Earth’s most customer-centric company. We are guided by four principles: customer obsession rather than\ncompetitor focus, passion for invention, commitment to operational excellence, and long-term thinking. In each of our segments, we\nserve our primary customer sets, consisting of consumers, sellers, developers, enterprises, content creators, advertisers, and employees.\nWe have organized our operations into three segments: North America, International, and Amazon Web Services (“AWS”). These\nsegments reflect the way the Company evaluates its business performance and manages its operations. Information on our net sales is\ncontained in Item 8 of Part II, “Financial Statements and Supplementary Data — Note 10 — Segment Information.”\nConsumers', 'global economic and geopolitical conditions and additional or unforeseen circumstances, developments, or events may give rise to or\namplify many of the risks discussed below. Many of the risks discussed below also impact our customers, including third-party sellers,\nwhich could indirectly have a material adverse effect on us. The disclosures in this section reflect our beliefs and opinions as to factors\nthat could materially and adversely affect us in the future. References to past events are provided by way of example only and are not\nintended to be a complete listing or a representation as to whether or not such factors have occurred in the past.\nBusiness and Industry Risks\nWe Face Intense Competition']","Amazon’s 2025 Form 10‑K lists several key risk factors that could materially affect the company’s business, reputation, results of operations, financial condition, and stock price. The main categories mentioned in the filing are:

- **Changes in interest rates** – fluctuations that could affect financing costs and overall economic conditions.  
- **Conditions or trends in the internet, other technologies (including artificial intelligence), and the industry segments in which Amazon operates** – shifts that could impact competitive positioning and growth opportunities.  
- **Quarterly variations in operating results** – normal business volatility that may affect earnings and cash flow.  
- **Fluctuations in the broader stock market and in market prices for technology‑related companies** – broader market movements that can influence Amazon’s share price.  
- **Changes in Amazon’s own financial estimates or decisions to increase or decrease future spending or investment levels** – adjustments to budgeting or capital allocation.  
- **Changes in financial estimates and recommendations by securities analysts** – analyst outlooks that can affect investor perception.  
- **Changes in capital structure, including the issuance of additional debt or equity** – financing actions that could alter leverage or ownership composition.  

Additional specific risks highlighted include:

- **Potential adverse outcomes of tax audits, investigations, or other tax controversies**, which could require additional payments and affect future tax liabilities.  
- **Risks related to government contracts and procurement regulations**, which could impact revenue from those sources.  
- **Cybersecurity risks**, with the Security Committee overseeing the Board’s response to significant incidents and the Chief Security Officer responsible for data‑protection practices.  

These factors are summarized in Item 1A of Amazon’s Annual Report on Form 10‑K.","Intense competition, expansion into new products/services/regions, international operations exposure, retail demand variability, cybersecurity/data security, legal and regulatory exposure",0.31944444443379627,0.8333333333333334
Compare Apple and Amazon's net sales for fiscal year 2025,"['Mac\nMac net sales increased during 2025 compared to 2024 primarily due to higher net sales of laptops and desktops.\niPad\niPad net sales increased during 2025 compared to 2024 primarily due to higher net sales of iPad Air, iPad mini and iPad, partially offset\nby lower net sales of iPad Pro.\nWearables, Home and Accessories\nWearables, Home and Accessories net sales decreased during 2025 compared to 2024 primarily due to lower net sales of Accessories\nand Wearables.\nServices\nServices net sales increased during 2025 compared to 2024 primarily due to higher net sales from advertising, the App Store and cloud\nservices.\n(1)\nApple Inc. | 2025 Form 10-K | 23\n7/31/26, 2:43 PM aapl-20250927\nhttps://www.sec.gov/Archives/edgar/data/320193/000032019325000079/aapl-20250927.htm 32/78', 'Products and Services Performance\nThe following table shows net sales by category for 2025, 2024 and 2023 (dollars in millions):\n2025 Change 2024 Change 2023\niPhone $ 209,586 4 % $ 201,183 — % $ 200,583 \nMac 33,708 12 % 29,984 2 % 29,357 \niPad 28,023 5 % 26,694 (6)% 28,300 \nWearables, Home and Accessories 35,686 (4)% 37,005 (7)% 39,845 \nServices 109,158 14 % 96,169 13 % 85,200 \nTotal net sales $ 416,161 6 % $ 391,035 2 % $ 383,285 \n(1) Services net sales include amortization of the deferred value of services bundled in the sales price of certain products.\niPhone\niPhone net sales increased during 2025 compared to 2024 due to higher net sales of Pro models.\nMac\nMac net sales increased during 2025 compared to 2024 primarily due to higher net sales of laptops and desktops.\niPad', 'foreign currencies relative to the U.S. dollar had an unfavorable year-over-year impact on Americas net sales during 2025.\nEurope\nEurope net sales increased during 2025 compared to 2024 primarily due to higher net sales of Services, iPhone and Mac.\nGreater China\nGreater China net sales decreased during 2025 compared to 2024 primarily due to lower net sales of iPhone, partially offset by higher\nnet sales of Mac.\nJapan\nJapan net sales increased during 2025 compared to 2024 primarily due to higher net sales of iPhone, Services and iPad.\nRest of Asia Pacific\nRest of Asia Pacific net sales increased during 2025 compared to 2024 primarily due to higher net sales of iPhone, Services and Mac.\nApple Inc. | 2025 Form 10-K | 22\n7/31/26, 2:43 PM aapl-20250927', 'operations.\nSegment Operating Performance\nThe following table shows net sales by reportable segment for 2025, 2024 and 2023 (dollars in millions):\n2025 Change 2024 Change 2023\nAmericas $ 178,353 7 % $ 167,045 3 % $ 162,560 \nEurope 111,032 10 % 101,328 7 % 94,294 \nGreater China 64,377 (4)% 66,952 (8)% 72,559 \nJapan 28,703 15 % 25,052 3 % 24,257 \nRest of Asia Pacific 33,696 10 % 30,658 4 % 29,615 \nTotal net sales $ 416,161 6 % $ 391,035 2 % $ 383,285 \nAmericas\nAmericas net sales increased during 2025 compared to 2024 primarily due to higher net sales of iPhone and Services. The weakness in\nforeign currencies relative to the U.S. dollar had an unfavorable year-over-year impact on Americas net sales during 2025.\nEurope', 'Net Sales\nNet sales include product and service sales. Product sales represent revenue from the sale of products and related shipping fees\nand digital media content where we record revenue gross. Service sales primarily represent third-party seller fees, which includes\ncommissions and any related fulfillment and shipping fees, AWS sales, advertising services, Amazon Prime membership fees, and\ncertain digital media content subscriptions. Net sales information is as follows (in millions):\n  Year Ended December 31,\n 2024 2025\nNet Sales:\nNorth America $ 387,497 $ 426,305 \nInternational 142,906 161,894 \nAWS 107,556 128,725 \nConsolidated $ 637,959 $ 716,924 \nYear-over-year Percentage Growth:\nNorth America 10 % 10 %\nInternational 9 13 \nAWS 19 20 \nConsolidated 11 12', 'The following tables show net sales for 2025, 2024 and 2023 and long-lived assets as of September 27, 2025 and September 28, 2024\nfor countries that individually accounted for 10% or more of the respective totals, as well as aggregate amounts for the remaining\ncountries (in millions):\n2025 2024 2023\nNet sales:\nU.S. $ 151,790 $ 142,196 $ 138,573 \nChina 64,377 66,952 72,559 \nOther countries 199,994 181,887 172,153 \nTotal net sales $ 416,161 $ 391,035 $ 383,285 \n2025 2024\nLong-lived assets:\nU.S. $ 40,274 $ 35,664 \nChina 3,617 4,797 \nOther countries 5,943 5,219 \nTotal long-lived assets $ 49,834 $ 45,680 \n(1) China includes Hong Kong and Taiwan.\n (1)\n(1)\nApple Inc. | 2025 Form 10-K | 48\n7/31/26, 2:43 PM aapl-20250927', 'Table of Contents\nAMAZON.COM, INC.\nCONSOLIDATED STATEMENTS OF OPERATIONS\n(in millions, except per share data)\n  Year Ended December 31,\n 2023 2024 2025\nNet product sales $ 255,887 $ 272,311 $ 296,266 \nNet service sales 318,898 365,648 420,658 \nTotal net sales 574,785 637,959 716,924 \nOperating expenses:\nCost of sales 304,739 326,288 356,414 \nFulfillment 90,619 98,505 109,074 \nTechnology and infrastructure 85,622 88,544 108,521 \nSales and marketing 44,370 43,907 47,129 \nGeneral and administrative 11,816 11,359 11,172 \nOther operating expense (income), net 767 763 4,639 \nTotal operating expenses 537,933 569,366 636,949 \nOperating income 36,852 68,593 79,975 \nInterest income 2,949 4,677 4,381 \nInterest expense (3,182) (2,406) (2,274)\nOther income (expense), net 938 (2,250) 15,229', 'Apple Inc.\nCONSOLIDATED STATEMENTS OF OPERATIONS\n(In millions, except number of shares, which are reflected in thousands, and per-share amounts)\nYears ended\nSeptember 27,\n2025\nSeptember 28,\n2024\nSeptember 30,\n2023\nNet sales:\n   Products $ 307,003 $ 294,866 $ 298,085 \n   Services 109,158 96,169 85,200 \nTotal net sales 416,161 391,035 383,285 \nCost of sales:\n   Products 194,116 185,233 189,282 \n   Services 26,844 25,119 24,855 \nTotal cost of sales 220,960 210,352 214,137 \nGross margin 195,201 180,683 169,148 \nOperating expenses:\nResearch and development 34,550 31,370 29,915 \nSelling, general and administrative 27,601 26,097 24,932 \nTotal operating expenses 62,151 57,467 54,847 \nOperating income 133,050 123,216 114,301 \nOther income/(expense), net (321) 269 (565)']","**Apple (Fiscal 2025)**  
- Total net sales: **$416,161 million** (as shown in Apple’s consolidated statements of operations).

**Amazon (Fiscal 2025)**  
- Total net sales: **$716,924 million** (the consolidated figure that includes North America, International and AWS sales).

**Comparison**  
- Amazon’s 2025 net sales were about **$300,763 million** higher than Apple’s.  
- In relative terms, Amazon’s net sales were roughly **72 % larger** than Apple’s total net sales for the same fiscal year.","Amazon's net sales ($716,924 million) were higher than Apple's ($416,161 million), a difference of ~$300,763 million",,
